"(PDH-CSV 4.0) (Pacific Daylight Time)(420)","\\GEORGIS1\PMU Counters(3)\Taken Instructions Retired","\\GEORGIS1\PMU Counters(3)\Mispredicted Taken Instructions Retired","\\GEORGIS1\PMU Counters(3)\Instructions Retired","\\GEORGIS1\PMU Counters(3)\Mispredicted Instructions Retired","\\GEORGIS1\PMU Counters(2)\Taken Instructions Retired","\\GEORGIS1\PMU Counters(2)\Mispredicted Taken Instructions Retired","\\GEORGIS1\PMU Counters(2)\Instructions Retired","\\GEORGIS1\PMU Counters(2)\Mispredicted Instructions Retired","\\GEORGIS1\PMU Counters(1)\Taken Instructions Retired","\\GEORGIS1\PMU Counters(1)\Mispredicted Taken Instructions Retired","\\GEORGIS1\PMU Counters(1)\Instructions Retired","\\GEORGIS1\PMU Counters(1)\Mispredicted Instructions Retired","\\GEORGIS1\PMU Counters(0)\Taken Instructions Retired","\\GEORGIS1\PMU Counters(0)\Mispredicted Taken Instructions Retired","\\GEORGIS1\PMU Counters(0)\Instructions Retired","\\GEORGIS1\PMU Counters(0)\Mispredicted Instructions Retired"
"04/23/2018 19:42:03.416","2755654","164783","6040162","237348","1673536","151667","3602416","215203","1326801","129674","2944212","168530","3586500","205927","6686016","277390"
"04/23/2018 19:42:04.416","893498","110623","2018504","139502","854924","95178","1914794","118445","1664065","97059","3160370","129069","3326133","126316","5689888","172859"
"04/23/2018 19:42:05.416","3798772","165084","7200831","232055","3747016","277447","7997308","410062","3823696","255547","9331714","360361","3479872","291530","8369447","397907"
"04/23/2018 19:42:06.416","1489739","77266","2874324","98947","2269585","133897","4540336","174352","1881793","102516","3634361","134440","2588005","139762","4374314","182669"
"04/23/2018 19:42:07.416","703256","80927","1549384","99398","1828901","112873","3525627","144435","2785275","107648","4710764","147783","1304787","167035","2851950","207947"
"04/23/2018 19:42:08.416","1441684","89184","2712248","115631","1016572","81681","2175947","105856","2336366","60153","3780190","85123","732212","103523","1651104","125567"
"04/23/2018 19:42:09.416","1109610","141621","2375178","177185","3574307","163557","6501358","220685","1351402","99087","2655634","128219","1693103","237123","3709979","294508"
"04/23/2018 19:42:10.416","3305914","236055","7332331","324079","2247019","207807","5033912","281674","3931636","178598","7181159","257990","1712764","249547","3724223","314884"
"04/23/2018 19:42:11.416","3097624","172518","5599304","230446","1364443","154043","3029912","198774","969810","106178","2151785","132706","1920796","205873","3730358","251749"
"04/23/2018 19:42:12.416","992233","120086","2186730","148522","2468829","104538","4351728","142122","2236256","120612","4404236","158886","1054349","162018","2312338","197496"
"04/23/2018 19:42:13.416","6781029","235460","13932612","323467","6770496","189012","12060158","265839","7307100","184981","13790199","282468","7627558","282118","14667473","396966"
"04/23/2018 19:42:14.416","737099","90912","1637784","112641","2467965","82998","4236335","116577","791824","68708","1726059","87467","792255","100305","1719575","124066"
"04/23/2018 19:42:15.416","2142605","156935","4454369","204830","5133718","163847","9414277","236472","1447048","106247","3135595","138949","3063255","202152","5986996","260601"
"04/23/2018 19:42:16.416","685468","86059","1507634","106613","612889","71462","1383009","90601","1715807","68177","3212576","90356","2689481","116632","4606163","157556"
"04/23/2018 19:42:17.416","612572","85237","1341605","105678","2538606","97337","4387603","133697","1107382","80325","2313604","104803","603551","106900","1304719","129109"
"04/23/2018 19:42:18.416","867879","118247","1883564","145374","2917926","128218","5167089","173308","1387435","107823","2909736","139049","1402051","195300","3085839","240791"
"04/23/2018 19:42:19.416","2723966","176435","4734934","224840","921039","116115","2107481","144920","1546044","123004","3306037","160247","1501528","210835","3214509","259878"
"04/23/2018 19:42:20.416","699945","90809","1554472","111992","1315947","96076","2610506","123252","2846742","111007","4982596","152722","1725041","136956","3246924","170195"
"04/23/2018 19:42:21.416","476966","40081","1021301","50180","2211003","78224","3650501","107701","189006","30684","403465","35839","809441","86802","1668279","106476"
"04/23/2018 19:42:22.416","3140814","92189","5262892","130080","953513","121306","2086003","151439","840503","66099","1881723","83077","1734696","170057","3660673","210996"
"04/23/2018 19:42:23.416","1050940","98562","2252976","126293","3270136","161948","5847026","214228","856418","85378","1906665","107689","1140968","187882","2494332","226388"
"04/23/2018 19:42:24.417","3371647","79902","5567920","116767","842731","95735","1902885","119323","558633","51568","1184361","64289","896322","125787","1991041","154913"
"04/23/2018 19:42:25.417","2216167","47794","3508162","70171","1301856","67728","2417217","87777","667281","64766","1418456","82656","782313","95090","1734281","119664"
"04/23/2018 19:42:26.417","1629475","125601","3353365","162957","1651426","122040","3463017","153661","3344609","151435","6669745","211279","4250848","198468","7399576","261861"
"04/23/2018 19:42:27.417","1487962","87928","2794250","112923","1330219","121525","2888853","153060","2625314","118789","4559823","162171","1630646","211824","3542616","265696"
"04/23/2018 19:42:28.417","1611596","128966","3312440","165773","1951455","145701","4116069","187359","4510211","151601","7985846","215289","3678225","237819","7412447","311484"
"04/23/2018 19:42:29.417","640300","76059","1467597","92370","2681548","115742","4695282","152225","848237","96945","1842305","124255","2701128","163631","4996996","210728"
"04/23/2018 19:42:30.417","1298649","89070","2675122","115803","1179728","74655","2428443","96283","3233338","96907","5653987","141457","2961279","146690","5783140","199708"
"04/23/2018 19:42:31.417","1507764","102536","3161797","142876","1552013","145429","3469660","191417","3283550","142563","5933955","212417","2556154","197790","5731741","266549"
"04/23/2018 19:42:32.417","1031521","67968","2035597","86198","469848","64056","1073942","77974","3422026","83014","5964511","121610","1317770","107131","2605037","137746"
"04/23/2018 19:42:33.417","544974","58189","1208431","71026","357507","48120","799058","57696","2208909","68837","3595709","96355","975934","112851","2149930","141262"
"04/23/2018 19:42:34.417","2018274","47129","3176805","67275","364724","44603","798234","53927","516760","65166","1150126","82521","868155","91185","1946662","115931"
"04/23/2018 19:42:35.417","1784851","108993","3985422","148812","1411905","124939","3002751","169154","3365597","146721","6445124","209073","1091971","125654","2416808","166071"
"04/23/2018 19:42:36.417","456625","63060","1006164","77053","787052","70477","1795447","87111","2097128","67600","3422598","94109","1160578","139620","2580508","175253"
"04/23/2018 19:42:37.417","502329","54627","1129938","66573","599824","65870","1311875","80623","2797258","78429","4566535","110574","596571","81917","1328934","100471"
"04/23/2018 19:42:38.417","2029717","53660","3328604","77466","578028","54564","1242367","69638","567095","66730","1277880","85100","1865814","80800","3507753","106789"
"04/23/2018 19:42:39.417","15133406","630365","34834734","1024669","13160480","581109","30052832","936314","16092519","621847","35376206","1025865","14393103","676764","33334091","1086171"
"04/23/2018 19:42:40.417","1488425","98459","3165448","137340","1270311","114563","2819994","155298","761992","88922","1693788","115997","4156882","200261","8103553","271809"
"04/23/2018 19:42:41.417","2180916","47326","3458956","68818","355780","46440","787057","55436","504429","62254","1156177","78616","540053","69673","1185337","85949"
"04/23/2018 19:42:42.417","1743990","124668","3849808","168249","1399844","122604","2978338","168824","3504511","104355","6006556","154525","2489334","198620","5680082","263807"
"04/23/2018 19:42:43.417","1517394","93041","3482418","129302","1255710","85291","2809467","115337","1223064","93066","2793851","126251","3454798","150417","6271076","208468"
"04/23/2018 19:42:44.417","2005824","47137","3211900","68032","398685","42772","865527","51054","1744749","83448","4284182","116466","702854","76294","1553173","96307"
"04/23/2018 19:42:45.417","1186217","97566","2548608","131791","1719068","141241","3776163","193348","3587996","158013","6822536","224485","1960006","168281","4431954","223357"
"04/23/2018 19:42:46.417","599928","66527","1360948","83751","418114","47726","931220","57830","2248341","64602","3790705","91385","998270","106435","2271402","133725"
"04/23/2018 19:42:47.417","516750","49766","1143401","61625","522895","51071","1160638","64560","2080751","65965","3412290","93534","569701","76631","1275944","96347"
"04/23/2018 19:42:48.417","1408325","58232","2669074","76043","528128","56700","1199208","69775","2488232","91298","4220512","125285","816582","91410","1750737","113150"
"04/23/2018 19:42:49.417","1324087","80431","2830730","112786","1221577","82303","2685316","113159","2854580","97880","4925011","143118","1728436","140257","3925770","187612"
"04/23/2018 19:42:50.417","1768233","73242","4257952","101997","333637","43292","744309","51890","2215393","59797","3557687","85700","736114","78845","1716353","99944"
"04/23/2018 19:42:51.417","2300073","100268","4465952","136201","1018471","86810","2085062","113027","3412766","104874","5751776","149659","911595","121075","1953865","149719"
"04/23/2018 19:42:52.417","1545312","84209","2879857","112050","2633795","100123","4825227","133663","6038156","194745","10859207","286652","3303429","190238","6680534","264658"
"04/23/2018 19:42:53.417","33478263","375067","59782682","628023","6635452","365551","14359342","581740","46571951","438103","81605043","791921","32506538","324322","57615215","565736"
"04/23/2018 19:42:54.417","47460541","1702546","92344483","3213428","106637337","1729180","189759125","3395604","43788507","1465422","83728306","2736614","32292012","1477774","64045350","2580523"
"04/23/2018 19:42:55.417","3532543","230149","6990035","344220","4873876","339492","10528131","516407","5654934","271742","12044797","434771","6684358","419739","12567601","627433"
"04/23/2018 19:42:56.417","14040335","533382","26915793","1017779","6216019","316228","12253208","548607","8660277","261835","16220317","433236","6046361","399805","12290732","640533"
"04/23/2018 19:42:57.417","1961926","147643","4190375","197529","3037752","193910","6522690","260110","6635056","208906","12186766","302412","2845258","262919","6161052","363884"
"04/23/2018 19:42:58.417","1965357","138152","3990533","176874","3983302","184624","7432166","252304","2039150","160555","4351905","212840","2144063","282068","4631093","354450"
"04/23/2018 19:42:59.417","899220","81973","1996213","103396","683184","83609","1528566","102396","2934757","82701","5132729","120262","1079155","162855","2300059","198779"
"04/23/2018 19:43:00.417","865910","106037","1928817","130717","2954642","185878","6072837","241960","3182007","132847","5698254","184470","1972314","260708","4262938","316379"
"04/23/2018 19:43:01.417","3404935","178610","7748482","259232","3407715","183448","7186961","262269","3858404","137470","7065539","205935","2429512","259533","5245775","338237"
"04/23/2018 19:43:02.417","1328568","79060","2917544","100358","2226754","139844","5017107","179611","1087293","114396","2437481","145339","4730665","214233","8719798","291729"
"04/23/2018 19:43:03.417","10548090","219240","23677645","308721","19631744","218561","45246524","315456","11243654","261417","24324083","372309","13568450","306440","31247630","408894"
"04/23/2018 19:43:04.417","14265970","129181","32732971","172608","10111814","166282","23522702","224683","13099133","201230","28933286","275056","10203174","232343","21987880","318285"
"04/23/2018 19:43:05.417","8019741","124534","17052716","170456","11680092","167529","27641977","225984","9284964","160550","21673750","221538","6867184","179883","16179448","241565"
"04/23/2018 19:43:06.417","9946675","136777","22810465","182140","11802505","207385","27112637","274715","9760060","240953","22172861","318044","9717259","325187","20734144","427424"
"04/23/2018 19:43:07.418","18415267","78507","42261393","106730","10603729","128050","23679767","174845","8236656","150361","17567002","205066","6383434","188658","14668918","248887"
"04/23/2018 19:43:08.418","907211","99861","1968859","121563","1034445","91580","2203922","115815","632967","60000","1374939","77042","2535022","142134","4343404","183082"
"04/23/2018 19:43:09.418","896445","97294","1984949","120922","851487","101114","1925789","122923","2969096","112222","5490802","154057","2695181","175403","4694922","226938"
"04/23/2018 19:43:10.418","679133","49976","1639362","65114","1709617","85350","3238987","119871","686175","60396","1497180","77743","2666626","141761","4666507","185639"
"04/23/2018 19:43:11.418","1289121","81746","3319043","122176","373206","45734","826366","55196","2019099","42326","3223240","64746","893236","110273","2032006","135768"
"04/23/2018 19:43:12.418","456013","54671","975966","67546","932677","85960","1961769","107360","490479","52080","1076928","67435","2872049","170419","5095268","220037"
"04/23/2018 19:43:13.418","1125508","132413","2636565","169922","1976819","193521","4563426","250223","1480190","124321","3304131","169433","4659935","307059","8587031","401908"
"04/23/2018 19:43:14.418","1892384","118904","3670692","152763","1563128","159777","3318450","198481","3295274","131939","5883685","185107","1441475","259507","3104100","315425"
"04/23/2018 19:43:15.418","698470","74776","1517141","93422","1350738","126562","2891783","159211","2954297","111008","5247668","157056","1046068","181539","2298400","220920"
"04/23/2018 19:43:16.418","1656206","72762","3261477","102729","3454056","112328","6070344","161384","1678507","70909","3217385","94636","678040","97215","1501307","119274"
"04/23/2018 19:43:17.418","1829050","121479","3703231","159595","4258273","165124","7440019","224788","2040950","96144","3873876","129142","1344462","213966","2964317","264010"
"04/23/2018 19:43:18.418","2199368","156586","4421847","202936","5803112","201487","10150705","271468","2305110","141789","4584208","186685","1861262","279385","4105636","343552"
"04/23/2018 19:43:19.419","2276264","67799","3757530","96192","1120479","120647","2467550","152052","750653","60699","1622367","77562","1687261","138235","3302615","170187"
"04/23/2018 19:43:20.419","787940","90812","1713834","113334","3447513","196483","7017836","255385","3608249","135606","6428997","185493","3961092","228667","7702691","291460"
"04/23/2018 19:43:21.419","8308909","48273","14314607","61934","293167","39360","647870","47012","2248636","61462","3632556","87799","883006","89344","1958895","112145"
"04/23/2018 19:43:22.419","365629","40167","788396","49704","494250","52379","1087098","62670","3044638","81213","5114972","116695","612205","80363","1353464","100198"
"04/23/2018 19:43:23.419","923662","124352","2084407","151218","1609484","152319","3600317","192575","2710284","205858","5794924","270794","3140790","246724","5767784","310210"
"04/23/2018 19:43:24.419","2176337","212107","4772639","290714","2307433","221180","5156538","296299","4428467","212055","7958355","287624","3402960","337394","7542680","445202"
"04/23/2018 19:43:25.419","4033490","141308","6795963","201431","1245368","128466","2810148","164047","1740452","146207","3787990","199925","1485687","204347","3180524","255016"
"04/23/2018 19:43:26.419","2260330","196976","5170332","262897","2159440","159289","4694471","220188","2241845","169349","4826521","236240","3715909","247818","6926636","333762"
"04/23/2018 19:43:27.420","845813","110153","1880729","135419","1574222","128103","3706183","163134","1380178","117297","3056721","154709","3295617","239883","5912975","304841"
"04/23/2018 19:43:28.420","500629","54567","1141519","68099","729563","68877","1543384","87991","677620","61176","1515359","83152","2529174","127855","4358141","168345"
"04/23/2018 19:43:29.420","325824","42350","722661","51052","389975","45787","856289","54933","1991427","33192","3194335","53438","644964","97146","1404505","118739"
"04/23/2018 19:43:30.420","1551461","126828","3113498","157411","2042168","160063","4325157","204872","3520425","147126","6370708","202107","1887939","277208","4129740","338013"
"04/23/2018 19:43:31.420","1895912","204683","4364446","270579","2475817","220650","5491410","294934","5156297","251190","9902805","353369","2733851","335133","6041356","428237"
"04/23/2018 19:43:32.420","1066900","138667","2457102","170614","3701097","184620","7025571","246786","2185669","166917","4685491","220094","1687220","272610","3793269","330954"
"04/23/2018 19:43:33.420","3065328","182800","6455918","256764","6239488","280703","13001909","432857","3961242","188471","8122238","271870","5829110","313353","11262476","430716"
"04/23/2018 19:43:34.420","2149348","137567","5181282","180097","2289384","180585","5036285","235569","1518008","128530","3343545","172192","3664864","263624","6691334","335796"
"04/23/2018 19:43:35.420","2538520","233865","5768397","310968","4860057","290207","10102552","395767","5494320","258874","10631843","374571","3410419","395499","7719992","501110"
"04/23/2018 19:43:36.420","19647279","1313754","46609316","2086928","22042966","1208579","43728851","1991684","18556980","810286","37888661","1319164","22862375","1064966","43824092","1731762"
"04/23/2018 19:43:37.420","842063","101841","1874339","127163","1523171","123579","3172291","156211","1508630","98352","3083844","129446","3439995","228348","6277047","291349"
"04/23/2018 19:43:38.420","1672415","104774","3513150","141196","3107527","127684","5955030","175854","3444072","186805","7453091","249857","3414124","147405","6172605","205674"
"04/23/2018 19:43:39.421","13325342","612747","30195356","983195","17984810","824703","41298438","1307899","18086375","830388","40309122","1306346","14805719","761514","33772752","1185257"
"04/23/2018 19:43:40.421","2764213","89480","4829896","134339","2469484","112682","4910895","160910","879539","74843","1993722","102469","2131285","131570","4737550","186491"
"04/23/2018 19:43:41.421","2253157","75066","3760071","104032","438044","62752","995530","77555","254960","31052","553007","36741","331323","37814","695295","45129"
"04/23/2018 19:43:42.421","2314317","165958","5127760","222196","4724190","260442","9311295","354455","2075528","147982","4493058","202433","2726033","286341","6088269","362298"
"04/23/2018 19:43:43.420","647897","66767","1475775","86924","3068213","129740","5515245","175898","1048934","91177","2332091","114739","952072","116790","2065431","140939"
"04/23/2018 19:43:44.421","1179365","129159","2587712","164512","2381796","221739","5270264","285089","1808322","141206","3936401","183931","4196568","259547","7427854","326355"
"04/23/2018 19:43:45.421","879624","101917","1950328","126291","1979055","119119","3890653","153188","2748216","96433","4655561","132243","1083105","163646","2392697","198908"
"04/23/2018 19:43:46.421","1434034","158870","3110690","197363","2764905","196129","5666524","253120","4105558","195530","7538268","262949","1974409","292512","4517385","356909"
"04/23/2018 19:43:47.421","643010","76950","1414297","98087","2788442","116394","4894354","157171","660001","57892","1392668","72421","824281","127887","1825376","152634"
"04/23/2018 19:43:48.422","1856897","121859","4127130","170243","3296223","148661","6041427","206288","2428418","114700","4811655","158257","2025505","184321","4371219","235485"
"04/23/2018 19:43:49.422","400115","57540","895283","69633","4241516","105458","8154462","154887","1006484","84423","2023097","107916","1048476","124096","2309728","155232"
"04/23/2018 19:43:50.422","844179","66796","1721648","85687","971400","98713","2134575","122502","3101844","93102","5212884","130805","897354","117976","1936678","147960"
"04/23/2018 19:43:51.422","2243189","54158","3586800","77094","3848926","118555","7569152","174813","591414","71268","1304819","90072","1852435","116674","3660872","150977"
"04/23/2018 19:43:52.422","2911647","159980","5525045","203966","1888126","163594","3981171","206054","4395397","148566","7632175","211340","4019910","320510","8463572","416029"
"04/23/2018 19:43:53.422","872671","106342","1945941","135911","1747650","150173","4060223","212625","3711022","120345","6465555","169588","1415343","189356","2981591","244821"
"04/23/2018 19:43:54.422","697045","59630","1529383","76080","1815666","109137","3557848","161305","575967","64542","1207392","83941","3775205","164252","6780375","270077"
"04/23/2018 19:43:55.422","488811","60088","1095141","73496","724377","70497","1596920","87046","2266305","69048","3660652","97120","1502244","103542","2849507","132380"
"04/23/2018 19:43:56.422","3180770","206971","7451903","311956","4467011","278651","10668244","410826","3221945","154886","7262702","213989","7947185","381583","17790949","544496"
"04/23/2018 19:43:57.422","1445153","104261","3408983","150172","3623801","193779","9226993","293035","4349510","151975","9397842","209487","3064433","172994","8819883","233604"
"04/23/2018 19:43:58.422","3364112","172204","6131160","237881","2366285","209377","5289617","276617","2436788","219997","5336851","295194","3516151","312299","7673629","407645"
"04/23/2018 19:43:59.422","821210","110710","1863552","134866","1408278","138280","3178658","174301","3951021","140876","6884452","194297","1400879","209334","3110550","258942"
"04/23/2018 19:44:00.422","674724","75918","1500934","93670","1920001","111236","3757517","144187","1329642","130059","2947281","167715","2760985","138987","4725390","183733"
"04/23/2018 19:44:01.422","1755361","129787","3982484","185571","2742803","135433","6093423","202434","4917852","152319","8822432","223279","2237739","173068","5034547","233524"
"04/23/2018 19:44:02.422","2453331","93804","4113901","126542","1156055","112270","2554420","142007","1169480","102548","2441083","133466","1939239","174079","3855373","219529"
"04/23/2018 19:44:03.422","2242460","166057","4958186","233632","3717138","212097","7814477","308398","3523937","228607","7533221","330118","5346556","274078","10513983","380971"
"04/23/2018 19:44:04.422","1302464","139096","3013717","175644","3158833","219607","7119967","287680","2605724","188971","5841395","255370","3569135","293731","6564764","368727"
"04/23/2018 19:44:05.423","3058906","157143","5579252","207603","2687757","191649","6560290","251349","2744251","210054","6377031","278974","2391144","276534","5976858","348539"
"04/23/2018 19:44:06.423","1574086","160021","3370956","203693","3321284","221937","6910521","287588","4692519","213084","8946467","291422","2037691","332834","4472928","402537"
"04/23/2018 19:44:07.423","1739028","119763","3379532","150274","1951135","151385","4327496","191088","4190547","182585","7685009","250739","1501718","239325","3291334","290705"
"04/23/2018 19:44:08.423","4172116","122082","8625458","182478","9956596","95916","22715354","139249","4614224","145314","8890448","214523","3877566","142583","8956680","202581"
"04/23/2018 19:44:09.423","8219611","85970","18933396","115477","6783068","90553","15774593","118527","14223219","129473","31121399","187129","4066621","136620","9370255","180701"
"04/23/2018 19:44:10.423","14877806","97678","33545628","151603","15526413","108374","33697890","158983","9381636","132674","21241989","178194","7554862","152957","17517145","207917"
"04/23/2018 19:44:11.423","18124238","79368","40192060","111298","12751898","99675","28930448","132490","5769676","140385","13027879","184260","6675380","164129","15691704","223675"
"04/23/2018 19:44:12.423","5678243","77028","13020843","96689","12772264","100222","29581136","129347","10865222","100282","23376715","140204","4100673","139938","9613434","190204"
"04/23/2018 19:44:13.423","11566328","76100","26519473","98130","5148697","94751","11940541","120857","8618195","99163","18335208","137940","6174211","121910","14365344","164823"
"04/23/2018 19:44:14.423","515591","48586","1147808","59893","574576","68454","1347425","82127","2013032","63728","3237207","88088","1239591","118937","2570792","148582"
"04/23/2018 19:44:15.423","452272","55218","983351","67884","440012","57980","976900","70510","2552382","76106","4250382","107710","1525287","110192","2952785","138993"
"04/23/2018 19:44:16.423","3256614","128580","6621009","184798","798889","86272","1805109","111350","3187305","133115","5777913","202558","1540184","162552","3366874","223800"
"04/23/2018 19:44:17.423","2312603","63634","3833031","91596","408852","46609","918320","56661","632304","75665","1466761","95864","601730","76553","1316816","95224"
"04/23/2018 19:44:18.423","3264248","104630","5883455","152610","1801601","131255","3877902","192118","1929701","161760","4430897","221200","1388335","147173","2981191","199852"
"04/23/2018 19:44:19.423","1060543","104597","2358530","131650","1072937","107113","2409503","134079","1010146","108383","2267502","136418","3677026","193789","6580826","252118"
"04/23/2018 19:44:20.424","1312668","152876","2927794","191398","2115156","180918","4492824","232758","4616457","190759","8344164","263140","1873291","248967","3872799","307682"
"04/23/2018 19:44:21.424","2818135","207966","5807956","263151","2651497","229109","5883459","289992","3747784","217224","6891138","286340","3614753","418055","7946843","513920"
"04/23/2018 19:44:22.424","5475590","279826","10837006","396495","12521482","512466","26395903","704183","19015938","348815","37074227","547316","7635712","515279","15468226","676185"
"04/23/2018 19:44:23.424","10192226","510923","20935343","726305","20896294","1512756","45650760","2094623","6918974","481674","14738322","691872","17387056","1303502","39257720","1783296"
"04/23/2018 19:44:24.424","13531159","405346","27627546","578623","12074312","569602","25388540","771613","15088223","480822","31616204","687657","6246614","593507","13153369","765159"
"04/23/2018 19:44:25.424","2413223","159489","4968690","201622","3272436","252742","7078132","326873","4215346","188647","7762817","260555","2452108","373836","5322516","460648"
"04/23/2018 19:44:26.424","622024","79211","1400620","100422","3049244","143027","5494745","188706","1599852","94367","3226330","122392","1184433","151906","2405413","185146"
"04/23/2018 19:44:27.424","526791","56567","1145581","70382","733799","77900","1700360","96696","2114805","43144","3391971","63754","1594214","103519","3071481","130903"
"04/23/2018 19:44:28.424","2091151","54247","3436286","78254","912441","92783","2008520","116522","322233","31030","781824","38450","556888","89031","1220387","107594"
"04/23/2018 19:44:29.424","2166956","45954","3481182","69269","1017830","76966","2351874","95387","765627","34867","1521034","44352","823023","69763","1544569","84613"
"04/23/2018 19:44:30.424","623771","71806","1337192","89341","2773763","109461","4749888","147271","742874","74794","1529977","90795","591173","91872","1302168","110453"
"04/23/2018 19:44:31.424","2461171","160562","5437952","240985","1304998","136791","2821909","192634","1529175","122252","3464619","171043","3301167","159685","6028216","218820"
"04/23/2018 19:44:32.424","1135461","98789","2443484","136053","13203932","112172","18578680","236527","16921126","87305","26585121","208067","4247834","89659","6396624","134484"
"04/23/2018 19:44:33.424","25808439","910242","43433163","1619093","23439004","865359","39555638","1492596","8117798","656999","17297592","1110396","72100757","629276","103200445","1427425"
"04/23/2018 19:44:34.424","582704","54723","1273135","69217","982768","98297","2053059","123695","2525178","45753","4053035","68618","686779","104418","1542846","129077"
"04/23/2018 19:44:35.424","2644665","154777","5884121","225510","2560972","105348","4393303","150758","1278865","92774","2863555","129778","1271645","133305","2814813","185160"
"04/23/2018 19:44:36.424","2372257","70812","4034041","102620","844979","93140","1799383","117145","419655","46844","915597","58017","530739","72367","1158815","87025"
"04/23/2018 19:44:37.424","1558595","64378","3097212","85680","697235","98407","1566305","121039","2278307","69651","3848752","97798","737927","121164","1616553","144711"
"04/23/2018 19:44:38.424","2678129","48895","4366602","73702","650550","78724","1464778","99750","413060","41139","927333","51473","541807","73637","1176175","91743"
"04/23/2018 19:44:39.424","15627320","570223","33782320","944284","16687933","738626","38265369","1197456","14086017","616215","32571260","987178","14072917","662517","32037594","1056561"
"04/23/2018 19:44:40.424","2395504","75913","3995136","105334","796392","92410","1775021","115239","1058695","54671","2530377","74198","1483595","134126","3513797","170027"
"04/23/2018 19:44:41.424","478288","45633","1046684","57933","2134352","74795","3537254","102119","328531","35618","723266","43442","412271","66162","914439","79303"
"04/23/2018 19:44:42.424","1950654","156798","3990689","201254","4988371","261559","9337914","345128","2648999","160598","5373231","210242","1676520","269428","3671935","324480"
"04/23/2018 19:44:43.424","2718737","223621","6036344","293919","3027668","258307","6653612","330928","9731792","258284","19682282","360848","2423540","295615","5270992","370272"
"04/23/2018 19:44:44.424","518708","34808","1183385","46069","2261325","78157","3775003","106565","714827","34417","1379657","42588","289020","40489","626573","48085"
"04/23/2018 19:44:45.425","4031158","256313","8798393","343999","5050899","315778","10452180","420630","13534922","387134","27509194","549515","6982106","357708","14935910","459408"
"04/23/2018 19:44:46.425","7791525","256795","14020194","415392","15016317","421228","28264422","725251","11794120","362580","22928409","569005","7646250","376920","15015204","596028"
"04/23/2018 19:44:47.425","10566497","365698","21111687","539309","12055740","427250","24375622","614762","12987812","580483","27501483","802980","10617156","645828","22575307","866924"
"04/23/2018 19:44:48.425","7144038","434054","15296465","640886","15520413","810020","32861256","1207094","13679676","654513","28207079","926033","10085664","696455","20786083","995665"
"04/23/2018 19:44:49.425","1422337","146623","3022480","181616","3487035","257230","7200269","358681","3868108","167971","6982548","230961","2298059","368144","4972868","445498"
"04/23/2018 19:44:50.425","571940","72012","1297078","89749","1690496","145247","3552995","182645","2625072","81272","4350444","114499","1185309","175126","2503011","208708"
"04/23/2018 19:44:51.425","378448","30087","827703","39339","1979141","52798","3144021","75374","167996","22243","365175","25710","570829","40580","1207042","51431"
"04/23/2018 19:44:52.425","8915285","486074","18209679","790879","7898163","458263","16109693","734903","8197547","378897","16527438","637718","13649784","526902","26668878","926016"
"04/23/2018 19:44:53.425","3638460","82836","6321785","145114","1165791","94983","2446012","149799","1205789","92983","2933328","136575","1521750","102941","3276241","178016"
"04/23/2018 19:44:54.425","2307041","40950","3726868","64776","329666","46666","715756","56869","309746","24755","632977","29787","488675","39928","1059935","50168"
"04/23/2018 19:44:55.425","2109305","38673","3376668","60669","310593","46032","669811","55983","691676","26211","1148698","32653","496280","42984","1078967","53528"
"04/23/2018 19:44:56.425","510774","33945","1195402","44876","2113736","48993","3328653","71747","201829","26929","433690","31751","187508","20729","381867","24682"
"04/23/2018 19:44:57.425","319173","27787","690907","36257","373723","47183","816738","58158","422450","40421","922265","49782","1941966","24339","3048239","41477"
"04/23/2018 19:44:58.425","302479","28713","655709","37240","3233979","78720","5325138","113142","260796","27270","546391","33250","273231","29520","608319","35550"
"04/23/2018 19:44:59.425","286929","26265","624427","34227","358141","46652","803374","57288","1832756","27382","2761367","41979","220325","21388","469542","25646"
"04/23/2018 19:45:00.425","402550","35537","853073","45923","2065768","52961","3298298","75822","172146","24645","365354","28769","477746","40013","1035642","50045"
"04/23/2018 19:45:01.426","2139149","134909","4473829","198140","2240413","119714","4996231","170610","1558078","84802","3593293","122268","4075539","149699","7668376","213340"
"04/23/2018 19:45:02.426","2246007","165172","4409409","220689","6712570","163331","11198059","252509","2984575","100249","5602633","138940","4032127","277366","7885831","352279"
"04/23/2018 19:45:03.426","4809923","334107","10769555","478849","5287156","306812","10887592","457354","9552222","270560","19921508","408794","14234162","389786","27382388","578869"
"04/23/2018 19:45:04.426","1454227","80307","2692571","104981","2669800","79972","4547816","115689","355976","43586","782337","53116","612402","79147","1312978","96952"
"04/23/2018 19:45:05.426","2139569","162278","4807642","219416","3322860","146908","7548626","208784","4544511","149069","9607983","220385","2005947","201518","4205800","257649"
"04/23/2018 19:45:06.426","3032838","125320","5366059","173023","2407418","149361","4869202","205532","2189580","129552","4748436","176710","1995739","179888","4619329","229719"
"04/23/2018 19:45:07.426","3201842","102940","5377448","143017","1621471","96490","3145622","128059","1044552","80078","2177545","103572","950855","137061","2112267","167859"
"04/23/2018 19:45:08.426","3413454","136766","5929665","183998","1748726","106098","3399130","139190","1638119","77921","3123434","103297","2221442","188582","4448888","237032"
"04/23/2018 19:45:09.426","3698988","146983","6852166","211956","937078","62989","2037217","87058","289740","40216","655685","51921","1053429","93876","2367760","117690"
"04/23/2018 19:45:10.426","1420296","116124","3114719","164480","3120522","107123","5526455","165623","1101752","85449","2413737","115890","757715","103533","1746666","128589"
"04/23/2018 19:45:11.426","3609895","273440","6767160","357892","2613582","270538","5851854","351727","1923134","195458","4266118","255564","2114876","381457","4669928","463802"
"04/23/2018 19:45:12.426","2056809","140135","4058000","179633","4377052","151380","7936122","215342","3453572","200311","7511418","266280","1433327","170607","3165453","211705"
"04/23/2018 19:45:13.426","3676284","263461","8143927","362711","3968077","210305","7356833","299396","3599795","170995","6992786","238514","2165069","280540","5010077","355502"
"04/23/2018 19:45:14.426","3835347","113792","7120105","154634","6511895","128442","15016895","165333","5322601","96378","12074670","124725","2544704","167091","5254548","208408"
"04/23/2018 19:45:15.426","20545875","197421","46990023","270738","13177631","225722","30060219","314248","8289235","256376","17316902","357347","9742793","348837","22402712","458303"
"04/23/2018 19:45:16.426","15759981","134828","36140390","178736","10467746","199821","24031130","263096","8803192","183968","20354028","244820","10317259","253965","22630215","338710"
"04/23/2018 19:45:17.426","12859111","110667","29511371","146813","8035053","160390","18418647","210648","4688736","121937","10827861","162944","6311396","210720","13249316","273295"
"04/23/2018 19:45:18.426","18229093","81376","40317369","119953","5251589","135754","11970731","177360","6359654","108307","14110977","143721","5083015","183850","11784724","231573"
"04/23/2018 19:45:19.426","11651345","114840","25226294","160514","12358525","155382","28405110","201214","10290150","143732","22771722","191515","5749208","233841","13208738","289584"
"04/23/2018 19:45:20.426","1901839","169541","4297136","227917","3282377","245562","7232817","330746","1605330","133390","3527502","183337","4879408","290314","9159082","402735"
"04/23/2018 19:45:21.426","6572629","139051","13097521","198553","9931097","235953","15257861","361191","5859713","147751","9283195","228535","5594338","195292","10210666","252871"
"04/23/2018 19:45:22.426","2363667","158045","5264462","223037","2090624","160263","4530395","215863","2590877","95481","4497080","134572","2187881","201587","4808983","263494"
"04/23/2018 19:45:23.426","1148072","145024","2583962","184584","3822655","261475","7288982","340540","1996481","140526","3947363","185127","1881263","279515","4032806","344000"
"04/23/2018 19:45:24.426","1049996","101464","2316336","131336","1739590","183565","3766532","231907","2859354","106103","5124447","146353","2067813","208607","4092431","258073"
"04/23/2018 19:45:25.426","2313838","164857","5152062","229525","2686717","221100","5715372","294246","1513881","125055","3390880","173414","4731594","245962","9278305","341116"
"04/23/2018 19:45:26.426","7015365","340484","15716123","504978","9599430","530246","22136411","776472","7933926","439546","18308612","650359","10989772","561742","23359462","828834"
"04/23/2018 19:45:27.426","623540","52498","1358840","71463","881224","88021","2170897","110332","2349086","69990","3976263","100309","759499","75752","1496798","92849"
"04/23/2018 19:45:28.426","2718060","68245","4493971","99254","1086146","92458","2168450","115667","1498157","72003","2845107","94479","810289","112844","1795628","138944"
"04/23/2018 19:45:29.426","7942222","325553","17994678","409032","10429723","339522","22609656","454489","1511787","80176","3077385","104991","9039110","377177","20602154","497394"
"04/23/2018 19:45:30.426","546958","55821","1189044","70829","2720529","100022","4517898","135219","1465050","60000","2770634","78184","589524","97360","1295790","117090"
"04/23/2018 19:45:31.426","1417291","111594","3091029","157128","3270192","141299","5964343","201961","662456","65672","1431411","90665","2306722","190942","5218484","253334"
"04/23/2018 19:45:32.426","2024128","194509","4436546","263294","3390909","275739","7326045","364172","3069821","208831","6683602","282686","3650929","325005","6766161","404008"
"04/23/2018 19:45:33.426","3194867","123538","6015060","173737","2083680","187525","4574374","242434","2917043","150947","6032443","203863","1325947","193535","2857282","234885"
"04/23/2018 19:45:34.426","2417194","88384","4139737","125456","1593335","148404","3481184","197209","1933331","101669","3743573","140516","1296926","154180","2813210","203180"
"04/23/2018 19:45:35.426","580452","58887","1305498","76322","612003","79227","1359227","97349","764943","72019","1870506","89592","2255868","102383","3734073","133408"
"04/23/2018 19:45:36.426","1753848","92783","3941301","134158","3021467","116850","5277896","165437","1163215","84269","2502707","117988","1771962","122881","3782505","160554"
"04/23/2018 19:45:37.426","519548","48470","1145552","61365","2746898","101339","4760345","139005","1379608","58644","3455919","81925","936654","105935","2121147","130701"
"04/23/2018 19:45:38.426","900372","78221","1983725","100047","2744656","117229","4804062","156213","675194","67301","1453711","84128","1101519","142211","2361034","173671"
"04/23/2018 19:45:39.426","12710718","540669","28937081","863032","13475743","552783","29376983","886450","10408414","488310","23835630","773089","11998689","612158","27743336","947305"
"04/23/2018 19:45:40.426","4028296","182586","8759213","285509","7675134","281815","15570840","445638","5149872","223154","11315535","347997","3789594","213497","7941666","302812"
"04/23/2018 19:45:41.426","433385","51279","964895","65625","2428995","101437","4211719","134970","1134793","63902","2246631","82467","729924","92321","1672087","113300"
"04/23/2018 19:45:42.426","2776297","174941","6401310","245567","3111896","153302","5549673","208458","2043197","111548","4086684","154797","2056295","202713","4538745","266909"
"04/23/2018 19:45:43.426","539370","46374","1185219","59947","2409878","98647","4098346","133407","451413","47150","967471","58737","799403","91973","1761031","113412"
"04/23/2018 19:45:44.426","901385","97938","1985160","124524","2794703","121159","4787671","161882","1810501","83073","3505444","113778","1867215","152765","3638509","195481"
"04/23/2018 19:45:45.426","861008","84311","1835824","107626","1253114","146546","2784569","182164","1047602","88244","2329227","113536","2717167","153228","4506799","195544"
"04/23/2018 19:45:46.426","3503113","137246","6252417","195700","2100269","187036","4653638","245237","2921873","145998","5937236","202225","2711016","241505","5811977","314571"
"04/23/2018 19:45:47.426","2295841","57946","3786991","85114","803696","95161","1774661","120681","2176846","81765","4996091","115511","1125400","100893","2198365","125408"
"04/23/2018 19:45:48.426","2259248","63868","3664409","92722","1034852","110073","2252348","139286","715453","69965","1583608","87643","971085","123833","2077500","151373"
"04/23/2018 19:45:49.426","3116924","177358","6598731","248266","1222291","130512","2743875","172223","2284841","91856","4495424","131865","3048826","147374","5319177","205433"
"04/23/2018 19:45:50.426","2790319","106348","4864242","156148","4611513","183304","9298421","267386","1807998","87251","4468146","116137","1059487","148729","2414682","189823"
"04/23/2018 19:45:51.426","4615414","145059","8225392","214237","1409319","161488","3168007","202933","1532789","123808","3246242","161949","1922580","259192","4110008","315697"
"04/23/2018 19:45:52.426","3081366","59918","4957126","90019","857923","86468","1950350","109374","695253","61931","1504980","78468","495031","84308","1095575","101322"
"04/23/2018 19:45:53.427","2689985","104137","4592898","142357","1524301","156570","3382967","197929","1159021","102336","2519450","131206","1166489","194181","2544439","232563"
"04/23/2018 19:45:54.427","2061012","144586","4277463","188218","2091442","186690","4613547","237906","5682361","202252","10283306","282157","1360994","214927","2973401","259640"
"04/23/2018 19:45:55.427","817877","96917","1792831","119058","3285696","161023","5928614","211206","1238130","116802","2612523","151622","2260691","219894","4459935","275029"
"04/23/2018 19:45:56.427","2591000","145555","5554975","200279","1995972","172447","4395189","226238","1331264","115035","2917153","156586","3977059","281186","7407508","368559"
"04/23/2018 19:45:57.427","3030844","171253","6216675","231632","3230185","260648","7578156","351472","4506809","187932","8876589","274531","4282152","357607","9143228","478380"
"04/23/2018 19:45:58.427","723104","81914","1584628","102457","1419446","142095","3139027","177201","3408194","109781","6012481","158336","1262358","202164","2745993","250685"
"04/23/2018 19:45:59.427","2561788","61911","4445722","86048","974126","73313","2058077","92392","2562047","57539","4153523","87025","1056396","142686","2384924","174135"
"04/23/2018 19:46:00.427","640979","73114","1413468","90654","966205","110843","2189268","136018","1076803","88381","2324685","117739","4013708","184098","6798050","241064"
"04/23/2018 19:46:01.427","1526626","107546","3430573","142770","2326768","125035","4887195","160938","3601163","101239","6630294","148385","2218244","207049","4838256","260655"
"04/23/2018 19:46:02.427","3695374","151475","6632010","217420","2016161","182986","4379510","247368","1079883","101460","2365762","138271","2248189","271294","4971965","345560"
"04/23/2018 19:46:03.427","2754474","107221","4715183","143387","1536408","156150","3347072","195432","2377436","163637","4876041","214533","1630540","217887","3444357","271113"
"04/23/2018 19:46:04.427","1954958","146301","4395026","195145","1466389","152598","3284721","202875","3409233","148171","6174015","211917","3391533","230979","6956973","309758"
"04/23/2018 19:46:05.428","1153850","103150","2784737","132074","2103846","132661","4933882","172597","1829237","138118","4456975","184901","3916493","196723","7532695","264328"
"04/23/2018 19:46:06.428","1598813","106153","3400333","138846","3021338","154965","5268621","202174","1474575","137311","3079989","174816","2581419","210680","5098123","266844"
"04/23/2018 19:46:07.428","436168","46099","931025","58453","3173068","96231","5230162","129934","356422","37944","762033","46538","945258","121721","2093897","149611"
"04/23/2018 19:46:08.428","2360352","64214","3818056","92813","633454","80469","1364434","99830","611224","51694","1319545","66130","948262","109461","2089056","134933"
"04/23/2018 19:46:09.428","1488525","53295","2791430","73159","553051","75410","1228792","93128","393336","45593","854557","56938","3155696","115830","5333805","158042"
"04/23/2018 19:46:10.428","792728","91926","1769842","116560","1902091","123304","3699179","156491","2666264","90156","4472437","126203","1949290","173563","3839896","214973"
"04/23/2018 19:46:11.428","406223","40469","882410","52103","2262757","81734","3713275","108979","241941","27784","511317","33316","1258566","72967","2321399","92711"
"04/23/2018 19:46:12.428","576445","58118","1276515","74111","475714","69531","1050078","84332","2257848","57688","3674505","82005","631868","83404","1432269","101460"
"04/23/2018 19:46:13.428","867929","78368","1973174","99642","842147","107318","1919509","132258","781859","67344","1701555","87007","3656353","184264","6367038","240352"
"04/23/2018 19:46:14.428","8990999","443664","18517172","749331","10071605","567880","22158646","880787","6115696","267420","12838595","444837","13171360","573586","30172030","919997"
"04/23/2018 19:46:15.428","1553090","81368","2976613","107504","1510650","132216","3225763","177359","2282673","65695","3678251","92158","2239453","178796","4489960","225621"
"04/23/2018 19:46:16.428","2495603","80956","4854720","122487","2526459","76561","4206566","108303","391694","48932","857117","60605","749366","81514","1573012","103647"
"04/23/2018 19:46:17.428","800306","88921","1809013","115004","1394269","154131","3093548","194186","1370323","101075","2925735","132265","3002131","183964","5200081","232865"
"04/23/2018 19:46:18.428","890946","98111","1968860","125209","3396142","163091","6181394","216203","4681701","173997","9327360","233059","1597857","192612","3504245","238429"
"04/23/2018 19:46:19.428","779151","81173","1711373","103815","1026189","116261","2216555","144604","3020975","105178","5295604","145114","990337","126457","2208442","154189"
"04/23/2018 19:46:20.428","13484787","78622","30833621","105464","6412780","122489","14741440","162690","8641124","120518","17739180","173666","6174106","153626","14246894","197423"
"04/23/2018 19:46:21.428","12713381","110144","29160945","147419","6621469","177105","15187984","237140","9025887","205153","18709842","283866","6087463","301283","13727608","382095"
"04/23/2018 19:46:22.428","17645101","145257","40489827","198026","15454347","185353","35567390","243766","9858469","222138","20981889","317454","7352590","308629","16504456","402027"
"04/23/2018 19:46:23.428","10639529","146215","24393567","189453","12371451","224469","27993986","295912","7894884","212958","16223873","295699","5449427","314522","12594824","393324"
"04/23/2018 19:46:24.428","13076812","151673","29931684","202265","15898140","191408","35117436","266238","9690163","188220","22114799","254389","9593287","284617","22187394","373669"
"04/23/2018 19:46:25.428","7372163","105511","16706145","139202","8287940","199259","17598300","266711","5373573","195421","11944921","259901","6215473","217827","12311327","296270"
"04/23/2018 19:46:26.429","1303980","113348","2727399","145080","1706373","178622","3778576","223574","3305448","134474","5894769","183373","1951718","203136","3855336","247722"
"04/23/2018 19:46:27.429","890302","105631","2045387","130694","1704945","166965","3801965","210929","3718155","146391","6663449","201371","1207162","205830","2699109","248101"
"04/23/2018 19:46:28.429","3101286","94638","5126954","130116","1214489","119390","2660160","150087","2174780","130418","4235456","172812","1344146","186268","2945372","230551"
"04/23/2018 19:46:29.429","2029308","110864","3900543","155371","1382752","129632","3072348","177989","3473314","133149","6341042","187894","2016603","206779","4554265","270927"
"04/23/2018 19:46:30.429","2526661","59565","4155290","87245","1316225","64565","2474055","83768","742550","66440","1700500","84158","751352","93006","1751545","117590"
"04/23/2018 19:46:31.429","727910","72118","1580437","91680","584763","66116","1310560","81818","2467472","68993","3996894","97809","884389","116182","2027577","147031"
"04/23/2018 19:46:32.429","1616966","114715","3581583","161339","1875824","118169","3841953","171716","2214468","145236","4952580","205749","4004322","168729","7143850","261473"
"04/23/2018 19:46:33.429","443292","47933","974333","58757","773028","66391","1756850","83303","2155074","63358","3496385","89933","525048","72958","1153480","90430"
"04/23/2018 19:46:34.429","2637048","158940","5917854","225536","1255496","121509","2761605","172432","3357324","135020","6074566","199635","1301514","147742","2968155","193671"
"04/23/2018 19:46:35.429","478738","49864","1009181","63017","2190356","58036","3478568","81002","505891","65893","1130437","84010","1577643","99566","3048005","129278"
"04/23/2018 19:46:36.429","784316","70751","1705983","90783","2626135","79136","4258530","112392","552031","69326","1172747","87033","638364","84391","1381792","105822"
"04/23/2018 19:46:37.429","2143620","145629","4828270","205492","1241431","134403","2761748","181539","3931843","128213","7303428","191615","1460376","164879","3199646","218430"
"04/23/2018 19:46:38.429","2431224","64492","4097435","94976","979921","86879","1913813","115851","566031","38537","1186613","48742","823796","99602","1786828","129110"
"04/23/2018 19:46:39.429","2190015","200060","4787440","269871","4511009","327851","9320064","457744","5337491","228065","10140937","336293","3807029","375357","8021474","486000"
"04/23/2018 19:46:40.429","13824709","708842","32082067","1082981","20028363","883922","45073656","1344041","19337636","776450","42446469","1206403","18470738","900040","39948453","1346045"
"04/23/2018 19:46:41.416","5274295","187643","9252164","295586","4233386","260432","8409237","358387","4665099","221845","9131700","309282","8124673","336165","16509646","457601"
"04/23/2018 19:46:42.419","7342125","363220","14976093","555618","10734243","547930","22578973","816407","10019256","492580","20248648","732973","8029393","627705","17438455","884017"
"04/23/2018 19:46:43.405","11078820","286258","23094309","453901","4604237","282063","9842075","415964","3514402","201070","7192923","286643","3144488","314180","7014278","448775"
"04/23/2018 19:46:44.421","2874548","140293","5132740","188213","2756104","245302","5981756","313166","1858080","142599","3962497","185972","2204778","307032","4746132","368928"
"04/23/2018 19:46:45.421","4564035","308120","10022242","421147","9412186","410053","20236918","564561","4880833","260626","10707537","359672","9564339","455889","18720030","611663"
"04/23/2018 19:46:46.421","545379","60562","1234850","76852","1239163","120232","2683187","154253","728598","61559","1461755","82471","2719733","142778","4731637","181676"
"04/23/2018 19:46:47.420","2355051","138246","5186698","206546","2954483","249581","6730238","348424","2805310","171295","6100526","242556","4748323","245875","9147786","338766"
"04/23/2018 19:46:48.421","2764413","218460","6481406","288715","7639450","409598","15650914","544117","4678876","313461","10368060","414491","4300458","464385","9491664","574013"
"04/23/2018 19:46:49.421","1201125","112941","2714840","149193","3593930","226906","7168930","297427","4217260","163595","8345309","230988","2307047","239113","4908510","297584"
"04/23/2018 19:46:50.421","11734517","229285","24738441","330452","7842732","328686","16190321","444401","8860838","269894","16988472","400097","10028455","440226","21213751","574771"
"04/23/2018 19:46:51.421","3439022","184378","6300747","242807","3932071","265436","8111525","343281","3197242","233867","6839669","312188","2585366","400824","5573171","485041"
"04/23/2018 19:46:52.421","1903331","148934","4378134","205769","2814472","224866","6298942","301046","5487625","188128","10007717","273313","2201201","293415","4854095","367959"
"04/23/2018 19:46:53.421","1894392","104415","4591829","140078","953331","89980","2120975","112845","2589655","63392","4300204","95085","1197359","185161","2623636","225870"
"04/23/2018 19:46:54.421","1959069","192523","4479924","250658","2380217","237954","5353886","305204","4126724","177609","7921858","249763","3759362","358114","8034221","457343"
"04/23/2018 19:46:55.422","1203662","120458","2514122","153701","2586410","241853","5702914","307689","1643919","136892","3606898","178254","4461625","286716","7862940","363049"
"04/23/2018 19:46:56.422","1341025","171694","2908281","215643","3572546","271118","7686134","355990","2713189","163321","5609700","219093","4631508","361942","8560721","476723"
"04/23/2018 19:46:57.422","1661379","141591","3406576","187869","3930847","142674","7083899","212843","2822406","169155","5428592","229842","888711","143478","1912652","172717"
"04/23/2018 19:46:58.422","1651136","98120","3639423","123787","2581381","72997","4269269","105304","514594","57158","1110742","70202","1195062","143645","2595460","177308"
"04/23/2018 19:46:59.422","674220","88929","1504708","109668","625572","69341","1400847","86670","588828","54586","1254285","66585","3295884","113401","5423007","152433"
"04/23/2018 19:47:00.422","3275624","156094","5617132","230846","1620540","141354","3583196","185930","1795761","140427","3713754","182875","1032268","130064","2075670","160131"
"04/23/2018 19:47:01.422","4120813","144630","7846057","207223","2346144","172754","5270748","240952","2113284","105958","4596702","152831","3240278","221723","7007481","302598"
"04/23/2018 19:47:02.422","1694252","202370","3745380","252786","2354430","196930","5219201","260997","3395034","190544","6915601","253862","4127024","318727","7623454","395525"
"04/23/2018 19:47:03.422","1383231","140610","2989057","175561","992019","98518","2226016","128999","2422799","64452","3952968","91911","890391","154132","1995530","182618"
